Região;Local;Longitude;Latitude;Referência;;;;;;;;;
América do Sul;    tavares;-48.32;27.39;Schmitz H.J. et al. (2007), Taxonomic Survey of Drosophili ...;;;;;;;;;
América do Norte;    lake okeechobee/fl;-80,5;27,14; Stalker H.D. (1953);;;;;;;;;
América do Norte;cordoba/durango;-103,23;26,18; Heed W.B. and Russell J.S. (1971);;;;;;;;;
América do Norte;    valles/slp;-99;22; Heed W.B. and Russell J.S. (1971);;;;;;;;;
América do Norte;    valles/slp;-99;22; Yoon J.S. (1984);;;;;;;;;
América do Norte;    valles/slp;-99;22; Yoon J.S. (1990);;;;;;;;;
América do Norte;    valles/slp;-99;22; Yoon Z. (1996);;;;;;;;;
América do Norte;    tamazunchale/slp;-98,47;21,16; Heed W.B. and Russell J.S. (1971);;;;;;;;;
América do Norte;    tamazunchale/slp;-98,47;21,16; Yoon J.S. (1984);;;;;;;;;
América do Norte;    tamazunchale/slp;-98,47;21,16; Yoon J.S. (1990);;;;;;;;;
América do Norte;    tamazunchale/slp;-98,47;21,16; Yoon Z. (1996);;;;;;;;;
América do Norte;    mexico;-100;20; Brisson J.A. et al. (2006);;;;;;;;;
América do Norte;    mexico;-100;20; Napp M. and Cordeiro A.R. (1981);;;;;;;;;
América do Norte;    uruapan/mic;-102,04;19,26; Gallo A.J. and Salceda V.M. (1974);;;;;;;;;
América do Norte;    puebla/mexico;-98,1;19,03; Futch D.G. (1962);;;;;;;;;
América do Norte;    oaxaca city;-96,41;17,05; Heed W.B. and Russell J.S. (1971);;;;;;;;;
América do Norte;    tehuantepec/oxa;-95,13;16,21; Heed W.B. and Russell J.S. (1971);;;;;;;;;
América Central; el salvador; -88.55;14.45 ; Heed W.B. (1956);;;;;;;;;
América Central;el salvador; -88.55;14.45 ; Heed W.B. (1957);;;;;;;;;
América Central;el salvador; -88.55;14.45 ; Napp M. and Cordeiro A.R. (1981);;;;;;;;;
América Central;guatemala; -90.22;14.38 ; Streisinger G. (1946);;;;;;;;;
América Central;lago pichichuela; -89.00;14.00 ; Clayton F.E. and Wasserman M. (1957);;;;;;;;;
América Central;lago pichichuela; -89.00;14.00 ; Heed W.B. and Russell J.S. (1971);;;;;;;;;
América Central; lago pichichuela; -89.00;14.00 ; Throckmorton L.H. (1962);;;;;;;;;
América Central;pichichuela; -88.00;14.00 ; Yoon J.S. (1984);;;;;;;;;
América Central;pichichuela; -88.00;14.00 ; Yoon J.S. (1990);;;;;;;;;
América Central;pichichuela; -88.00;14.00 ; Yoon Z. (1996);;;;;;;;;
América do Sul;    santa marta/colombia; -74.10;11.18;Heed W.B. and Russell J.S. (1971), Phylogeny and Population Struc ...;;;;;;;;;
América do Sul;    santa marta/colombia; -74.10;11.18; Hoenigsberg H.F. (1995), Drosophila baits in northern l ...;;;;;;;;;
América do Sul;    santa marta/colombia; -74.10;11.18;Yoon J.S. (1984), Drosophila species stock list ...;;;;;;;;;
América do Sul;    santa marta/colombia; -74.10;11.18;Yoon J.S. (1990), Drosophila species stock list ...;;;;;;;;;
América Central;goofy lake; -80.00;11.00 ; Pipkin S.B. (1965);;;;;;;;;
Ilhas do Caribe;maraval/trinidad;-61,31;10,42; Heed W.B. and Russell J.S. (1971);;;;;;;;;
Ilhas do Caribe;    port of spain;-61,31;10,38; Futch D.G. (1962);;;;;;;;;
Ilhas do Caribe;    trinidad/west;-61,3;10,3; Heed W.B. (1957);;;;;;;;;
América do Sul;    tasajeras;-67.28;10.20;Cova Garcia P. and Suarez O.M. (1962), Especies del genero Drosophila ...;;;;;;;;;
América Central; la lola; -83.30;10.06 ; Heed W.B. and Russell J.S. (1971);;;;;;;;;
América Central;port limon/cr; -85.00;10.00 ; Stalker H.D. (1953);;;;;;;;;
América Central;palmar del norte; -84.08;10.00 ; Heed W.B. and Russell J.S. (1971);;;;;;;;;
América do Sul;    venezuela; -65.00;10.00;Napp M. and Cordeiro A.R. (1981), Interspecific relationships in ... ;;;;;;;;;
América Central;changuinola; -82.31;9.28 ; Yoon J.S. (1984);;;;;;;;;
América Central;fort sherman; -79.57;9.21 ; Pipkin S.B. (1965);;;;;;;;;
América Central;almirante; -82.22;9.20 ; Pipkin S.B. (1965);;;;;;;;;
América Central;frijoles; -79.48;9.11 ; Pipkin S.B. (1965);;;;;;;;;
América Central;barro colorado; -79.50;9.08 ; Heed W.B. and Russell J.S. (1971);;;;;;;;;
América Central;panama; -79.00;9.00 ; van der Linde K. (2005);;;;;;;;;
América Central;camaron; -79.34;8.59 ; Pipkin S.B. (1965);;;;;;;;;
América Central;ancon; -79.33;8.58 ; Heed W.B. and Russell J.S. (1971);;;;;;;;;
América Central;capira; -79.51;8.48 ; Pipkin S.B. (1965);;;;;;;;;
América Central;el volcan/panama; -82.40;8.45 ; Pipkin S.B. (1965);;;;;;;;;
América Central;el valle/panama; -80.08;8.36 ; Pipkin S.B. (1965);;;;;;;;;
América Central;cerro campana; -81.17;8.26 ; Pipkin S.B. (1965);;;;;;;;;
América Central;el real/panama; -77.42;8.06 ; Heed W.B. and Russell J.S. (1971);;;;;;;;;
América do Sul;    bucaramanga;-73.10;7.08 ;Heed W.B. and Russell J.S. (1971), Phylogeny and Population Struc ...;;;;;;;;;
América do Sul;    medellin;-75.36;6.15;Heed W.B. and Russell J.S. (1971), Phylogeny and Population Struc ...;;;;;;;;;
América do Sul;    rionegro;-74.00;5.00;Heed W.B. and Russell J.S. (1971), Phylogeny and Population Struc ...;;;;;;;;;
América do Sul;    bogota;-74.05;4.48;Hunter A.S. (1964), High altitude Drosophila of Co ...;;;;;;;;;
América do Sul;    fusagasuga;-74.21;4.22;Hunter A.S. and Navarro A. (1969), A Natural Population of Drosop ...;;;;;;;;;
América do Sul;    colombia; -75.00;4.00 ;Brisson J.A. et al. (2006), Phylogenetic analysis of the c ... ;;;;;;;;;
América do Sul;    palmira;-76.17;3.33;Heed W.B. and Russell J.S. (1971), Phylogeny and Population Struc ...;;;;;;;;;
América do Sul;    mucajai; -67.00;2.00 ;Pavan C. (1952), Relacoes entre populacoes natu ...;;;;;;;;;
América do Sul;    orellana;-76.05;0.53 ;Acurio A. and Rafael V. (2009), Diversity and geographical dis ...;;;;;;;;;
América do Sul;    uaupes;-67.05;-0.07 ;Pavan C. (1952), Relacoes entre populacoes natu ...;;;;;;;;;
América do Sul;    isla santa cruz; -90.23;-0.38;Carson H.L. et al. (1983), Drosophilidae of the Galapagos ...;;;;;;;;;
América do Sul;    parque nacional yasuni;-76.23;-0.39;Acurio A.E. and Rafael V.L. (2009), Inventario Taxonomico de Droso ...;;;;;;;;;
América do Sul;    isla isabela;-92.00;-0.40;Carson H.L. et al. (1983), Drosophilidae of the Galapagos ...;;;;;;;;;
América do Sul;    cotopaxi;-78.28;-0.40;Acurio A. and Rafael V. (2009), Diversity and geographical dis ...;;;;;;;;;
América do Sul;    galapagos;-90.05;-0.50 ;Acurio A. and Rafael V. (2009), Diversity and geographical dis ...;;;;;;;;;
América do Sul;    isla cristobal;-91.27;-0.55;Carson H.L. et al. (1983), Drosophilidae of the Galapagos ...;;;;;;;;;
América do Sul;    belem;-48.29;-1.27; Heed W.B. and Russell J.S. (1971), Phylogeny and Population Struc ...;;;;;;;;;
América do Sul;    fordlandia;-55.30;-3.40;Pavan C. (1952), Relacoes entre populacoes natu ...;;;;;;;;;
América do Sul;"    ponta do caximbo;";-53.15;-4.20;Napp M. and Cordeiro A.R. (1978), Genetic variability and disequ ...;;;;;;;;;
América do Sul;    porto alegre;-53.15;-4.20;Brncic D. and Valente V.L.S. (1978), Dinamica das comunidades de Dr ...;;;;;;;;;
América do Sul;    canto da lagoa;-36.50;-5.04;De Toni D.C. et al. (2001), First record of Zaprionus indi ...;;;;;;;;;
América do Sul;    imperatriz;-47.28;-5.32;Pavan C. (1952), Relacoes entre populacoes natu ...;;;;;;;;;
América do Sul;    barra do maxaranguape; -35.26;-5.32 ;Sene F.M. et al. (1980), Preliminary data on the geogra ...;;;;;;;;;
América do Sul;    bom jesus/rn;-35.37;-5.58;Sene F.M. et al. (1980), Preliminary data on the geogra ...;;;;;;;;;
América do Sul;    sao jose de espinharas; -36.00;-6.56;Sene F.M. et al. (1980), Preliminary data on the geogra ...;;;;;;;;;
América do Sul;    junco do serido/pb;-36.43;-7.00 ;Sene F.M. et al. (1980), Preliminary data on the geogra ...;;;;;;;;;
América do Sul;    carolina/brazil; -47.28;-7.20;Pavan C. (1952), Relacoes entre populacoes natu ...;;;;;;;;;
América do Sul;carolina/ma;-47.25;-7.20 ;Chaves N.B. and Tidon R. (2008), Biogeographical aspects of dro ...;;;;;;;;;
América do Sul;    cruzeiro do sul;-72.39;-7.40 ;Pavan C. (1952), Relacoes entre populacoes natu ...;;;;;;;;;
América do Sul;    porto velho; -63.54;-8.45;Pavan C. (1952), Relacoes entre populacoes natu ...;;;;;;;;;
América do Sul;    peru;-75.00;-10.00;Pilares G.L. and Suyo M.P. (1982), Distribution of different spec ...;;;;;;;;;
América do Sul;"    brazil;,; ";    -50.00; -10.00 ;Mourao C.A. et al. (1965), Duas novas especies de Drosoph ...;;;;;;;;;
América do Sul;    palmares; -67.43;-10.22;Pavan C. (1952), Relacoes entre populacoes natu ...;;;;;;;;;
América do Sul;    xique-xique/ba; -42.40;-10.42 ;Sene F.M. et al. (1980), Preliminary data on the geogra ...;;;;;;;;;
América do Sul;    la merced/peru;-75.16;-11.03 ;Pilares G. L.V. and vasquez E. J.A. (1977), Especies del genero Drosophila ...;;;;;;;;;
América do Sul;    irece/ba; -41.47;-11.20;Sene F.M. et al. (1980), Preliminary data on the geogra ...;;;;;;;;;
América do Sul;    cafarnaum/ba;-41.20;-11.30 ;Sene F.M. et al. (1980), Preliminary data on the geogra ...;;;;;;;;;
América do Sul;    mira serra/ba; -40.53;-11.46;Sene F.M. et al. (1980), Preliminary data on the geogra ...;;;;;;;;;
América do Sul;    piritiba/ba;-40.45;-11.47;Sene F.M. et al. (1980), Preliminary data on the geogra ...;;;;;;;;;
América do Sul;    barreiras/ba; -45.05 ;-12.07 ;Sene F.M. et al. (1980), Preliminary data on the geogra ...;;;;;;;;;
América do Sul;    ibotirama/ba;-43.07;-12.18;Sene F.M. et al. (1980), Preliminary data on the geogra ...;;;;;;;;;
América do Sul;    cachoeira/monteiros/ba;-51.38;-12.25;Sene F.M. et al. (1980), Preliminary data on the geogra ...;;;;;;;;;
América do Sul;    milagres/ba; -39.53;-12.51 ;Sene F.M. et al. (1980), Preliminary data on the geogra ...;;;;;;;;;
América do Sul;    tangara da serra/mg;-57.03;-14.04 ;Blauth M.L. and Gottschalk M.S. (2007), A novel record of Drosophilida ...;;;;;;;;;
América do Sul;    fazenda trijuncao/ba;-45.58;-14.49;Roque F. and Tidon R. (2008), Eight new records of drosophil ...;;;;;;;;;
América do Sul;    sobradinho/df;-47.47;-15.37;Roque F. et al. (2009), Breeding sites of drosophilids ...;;;;;;;;;
América do Sul;    braganca/brazil; -48.00;-15.40;Pavan C. (1952), Relacoes entre populacoes natu ...;;;;;;;;;
América do Sul;Centro Olímpico UnB ;-47,5;-15,46;Figueiredo (dissertação, 2007);;;;;;;;;
América do Sul;    brasilia/df;-47.59;-15.47;Chaves N.B. and Tidon R. (2008), Biogeographical aspects of dro ...;;;;;;;;;
;    brasilia/df;-47,57;-15,47;Ferreira & Tidon, 2004;;;;;;;;;
América do Sul;Brasília;-47,47;-15,47;Vilela et al., 2002;;;;;;;;;
América do Sul;RECOR ;-47,52;-15,55;Roque & Tidon, 2012;;;;;;;;;
América do Sul;    recor reserve;-47.53;-15.56;Tidon R. (2006), Relationships between drosophi ...;;;;;;;;;
América do Sul;RECOR ;-47,52;-15,56;Figueiredo (dissertação, 2007);;;;;;;;;
América do Sul;    catuni;-43.19;-16.15;da Cunha A.B. et al. (1953), A comparative study of chromos ...;;;;;;;;;
América do Sul;    anapolis; -48.58;-16.19;Pavan C. (1952), Relacoes entre populacoes natu ...;;;;;;;;;
América do Sul;    santa cruz/bolivia; -63.14;-17.45;Heed W.B. and Russell J.S. (1971), Phylogeny and Population Struc ...;;;;;;;;;
América do Sul;    arica/chile;-70.20;-18.30;Brncic D. (1987), A review of the genus Drosophi ...;;;;;;;;;
América do Sul;    serra do cipo/mg;-43.40;-19.00;Chaves N.B. and Tidon R. (2008), Biogeographical aspects of dro ...;;;;;;;;;
América do Sul;    serra do cipo;-43.35;-19.17 ;Tidon-Sklorz R. et al. (1994), The genus Drosophila (Diptera, ...;;;;;;;;;
América do Sul;Serra do Cipó;-43,36;-19,18;Tidon, 2005;;;;;;;;;
América do Sul;    serra do cipo;-43,33;-19,2;Tidon-Sklorz et al., 1994;;;;;;;;;
América do Sul;    serra do cipo;-43,38;-19,21;Vilela & Mori, 1999;;;;;;;;;
América do Sul;  rio doce;-40.30;-19.30;Dobzhansky D. and Brito da Cunha A. (1955), Differentiation of nutritional ...;;;;;;;;;
América do Sul;    lagoa santa/mg; -43.55;-19.39;Sene F.M. et al. (1980), Preliminary data on the geogra ...;;;;;;;;;
América do Sul;    correias/rj;-41.24;-19.56;Sene F.M. et al. (1980), Preliminary data on the geogra ...;;;;;;;;;
América do Sul;    correias/rj;-41.24;-19.56 ;Vilela C.R. et al. (2002), Preliminary data on the geogra ...;;;;;;;;;
América do Sul;    santa teresa/es;-40.37;-19.56;Sene F.M. et al. (1980), Preliminary data on the geogra ...;;;;;;;;;
América do Sul;    teffe;-50.00;-20.00 ;Heed W.B. and Russell J.S. (1971), Phylogeny and Population Struc ...;;;;;;;;;
América do Sul;  miranda/ms;-56.46;-20.05;Chaves N.B. and Tidon R. (2008), Biogeographical aspects of dro ...;;;;;;;;;
América do Sul;    miranda/mg;-56.19;-20.10;Vilela C.R. et al. (2002), Preliminary data on the geogra ... ;;;;;;;;;
América do Sul;    esmeralda; -51.02;-20.18;Saavedra C.C.R. et al. (1995), A descriptive and analytical s ...;;;;;;;;;
América do Sul;    campo grande/ms;-54.34;-20.41;Chaves N.B. and Tidon R. (2008), Biogeographical aspects of dro ...;;;;;;;;;
América do Sul;    olimpia; -48.55;-20.43 ;"Belo M. (1979), Especies domesticas de ""Drosop ...";;;;;;;;;
América do Sul;    piracununga;-47.27;-21.59;Pavan C. (1952), Relacoes entre populacoes natu ...;;;;;;;;;
América do Sul;    sao paulo estado;-48.00;-22.00;Tidon-Sklorz R. and Sene F.M. (1999), Drosophila. In: Brandao, C.R.F ...;;;;;;;;;
América do Sul;    sao carlos/sp;-45.53;-22.03;Sene F.M. et al. (1980), Preliminary data on the geogra ...;;;;;;;;;
América do Sul;    bela vista/ms;-56.32;-22.05;Sene F.M. et al. (1980), Preliminary data on the geogra ...;;;;;;;;;
América do Sul;    caracol/ms;-56.47;-22.13;Chaves N.B. and Tidon R. (2008), Biogeographical aspects of dro ...;;;;;;;;;
América do Sul;    mogi-guacu/sp;-47.12;-22.17 ;Sene F.M. et al. (1980), Preliminary data on the geogra ...;;;;;;;;;
América do Sul;    teresopolis/rj;-43.01;-22.27;Sene F.M. et al. (1980), Preliminary data on the geogra ...;;;;;;;;;
América do Sul;    rio de janeiro; -43.17;-22.53;Frota-Pessoa O. (1952), Flower-feeding Drosophilidae. ... ;;;;;;;;;
América do Sul;    jacarepagua;-43.22;-22.56;Dobzhansky T. and Pavan C. (1943), Studies on Brazilian species o ...;;;;;;;;;
América do Sul;    arraial do cabo/rj;-42.01;-22.59;Sene F.M. et al. (1980), Preliminary data on the geogra ...;;;;;;;;;
América do Sul;    mucorca;-47.00;-23.00;Pavan C. (1952), Relacoes entre populacoes natu ...;;;;;;;;;
América do Sul;    prata; -47.00;-23.00;Pavan C. (1952), Relacoes entre populacoes natu ...;;;;;;;;;
América do Sul;    cabreuva/sp;-47.10;-23.15;Sene F.M. et al. (1980), Preliminary data on the geogra ...;;;;;;;;;
América do Sul;    itu/sp;-47.18;-23.16;Sene F.M. et al. (1980), Preliminary data on the geogra ...;;;;;;;;;
América do Sul;    cantareira;-46.38;-23.27;da Cunha A.B. et al. (1953), A comparative study of chromos ...;;;;;;;;;
América do Sul;    jaguari/rs;-54.42;-23.30;Sene F.M. et al. (1980), Preliminary data on the geogra ...;;;;;;;;;
América do Sul;    vila atlantica;-46.30;-23.30;da Cunha A.B. et al. (1953), A comparative study of chromos ...;;;;;;;;;
América do Sul;    mogi das cruzes; -46.10;-23.30;Heed W.B. and Russell J.S. (1971), Phylogeny and Population Struc ...;;;;;;;;;
América do Sul;    sao paulo;-46.39;-23.33;Dobzhansky T. and Pavan C. (1950), Local and seasonal variations ...;;;;;;;;;
América do Sul;    azapa/chile;-70.23;-23.37;Brncic D. (1957), Las especies Chilenas de Droso ...;;;;;;;;;
América do Sul;    rio ligeiro/pa;-52.31;-23.37;Sene F.M. et al. (1980), Preliminary data on the geogra ...;;;;;;;;;
América do Sul;    rio ivai/pa;-52.22;-23.40 ;Sene F.M. et al. (1980), Preliminary data on the geogra ...;;;;;;;;;
América do Sul;    morungava;-50.00;-23.40;Petersen J.A. (1960), Studies on the ecology of the ...;;;;;;;;;
América do Sul;    boraceia/sp;-43.50;-23.40;Val F.C. and Kaneshiro K.Y. (1988), Drosophilidae (Diptera) from t ...;;;;;;;;;
América do Sul;    sao sebastiao/sp;-45.26;-23.48;Pavan C. (1952), Relacoes entre populacoes natu ...;;;;;;;;;
América do Sul;    guaratuba/sp;-45.53;-23.50 ;Sene F.M. et al. (1980), Preliminary data on the geogra ...;;;;;;;;;
América do Sul;    itanhaem;-46.47;-24.09;Pavan C. (1952), Relacoes entre populacoes natu ...;;;;;;;;;
América do Sul;    peruibe/sp;-46.55;-24.14;Sene F.M. et al. (1980), Preliminary data on the geogra ...;;;;;;;;;
América do Sul;    eldorado do sul; -48.08;-24.33;Rohde C. and Valente V.L.S. (1996), Cytological maps and chromosom ...;;;;;;;;;
América do Sul;    iporanga;-48.38;-24.34;Dobzhansky T. and Pavan C. (1943), Studies on Brazilian species o ...;;;;;;;;;
América do Sul;    lambedor;-50.00;-25.00;Pavan C. (1952), Relacoes entre populacoes natu ...;;;;;;;;;
América do Sul;    ponta grossa/rgs;-50.09;-25.07;Pavan C. (1952), Relacoes entre populacoes natu ...;;;;;;;;;
América do Sul;    morretes; -48.49;-25.29;Pavan C. (1952), Relacoes entre populacoes natu ...;;;;;;;;;
América do Sul;    iguacu;-54.22;-25.35;Pavan C. (1952), Relacoes entre populacoes natu ...;;;;;;;;;
América do Sul;    joinville/sc;-48.51;-26.18;Doge J.S. et al. (2008), Drosophilids (Diptera) from an ...;;;;;;;;;
América do Sul;    barra velha/sc; -48.42;-26.37;Sene F.M. et al. (1980), Preliminary data on the geogra ...;;;;;;;;;
América do Sul;    tucuman;-65.15;   -26.47 ;Pavan C. (1952), Relacoes entre populacoes natu ...;;;;;;;;;
América do Sul;    arvoredo; -52.41;-27.14;de Toni D.C. et al. (2007), Study of the Drosophilidae (Di ...;;;;;;;;;
América do Sul;puerto tirol;-59.10;-27.18;Vilela C.R. et al. (2002), Preliminary data on the geogra ...;;;;;;;;;
América do Sul;    lagoa da conceicao; -48.21;-27.18;de Toni D.C. and Hofmann P.R.P. (1995), Preliminary taxonomic survey o ...;;;;;;;;;
América do Sul;    ratones;-48.30;-27.27;Schmitz H.J. et al. (2007), Taxonomic Survey of Drosophili ...;;;;;;;;;
América do Sul;    resistencia;-59.00;-27.28 ;Vilela C.R. et al. (2002), Preliminary data on the geogra ...;;;;;;;;;
América do Sul;    ratones grande;-48.37;-27.29;de Toni D.C. et al. (2007), Study of the Drosophilidae (Di ...;;;;;;;;;
América do Sul;    florianopolis/sc;-48.32;-27.35 ;Gottschalk M.S. et al. (2007), Changes in Brazilian Drosophil ...;;;;;;;;;
América do Sul;    florianopolis;-48.31;-27.35;Cordeiro J. et al. (2008), The LTR retrotransposon microp ...;;;;;;;;;
América do Sul;    campeche/sc;-48.29;-27.41;de Toni D.C. et al. (2007), Study of the Drosophilidae (Di ...;;;;;;;;;
América do Sul;    santa catarina/sc;-48.30;-27.42;Cordeiro J. et al. (2008), The LTR retrotransposon microp ...;;;;;;;;;
América do Sul;    salitre;-50.00;-28.00;Pavan C. (1952), Relacoes entre populacoes natu ...;;;;;;;;;
América do Sul;    santo angelo; -54.15;-28.17 ;Pavan C. (1952), Relacoes entre populacoes natu ...;;;;;;;;;
América do Sul;"    turvo; , ; ";-49.42;-28.50;De Araujo A.M. and Valente V.R.S. (1981), Observacoes sobre alguns Lepid ...;;;;;;;;;
América do Sul;    guaiba;-49.40;-28.50 ;Saavedra C.C.R. et al. (1995), A descriptive and analytical s ...;;;;;;;;;
América do Sul;    bento goncalves;-51.34;-29.12 ;Saavedra C.C.R. et al. (1995), A descriptive and analytical s ...;;;;;;;;;
América do Sul;    sao francisco de paula; -50.31;-29.20;Petersen J.A. (1960), Studies on the ecology of the ...;;;;;;;;;
América do Sul;    esteio;-51.11;-29.52; Martins M.B. (2001), Drosophilid Fruit-Fly Guilds i ...;;;;;;;;;
América do Sul;    tramandai/rs;-50.13;-29.55;Sene F.M. et al. (1980), Preliminary data on the geogra ...;;;;;;;;;
América do Sul;    porto alegre/rs;-51.13;-30.01;Robe L.J. et al. (2010), Taxonomic boundaries, phylogen ...;;;;;;;;;
América do Sul;    morro santana;-51.19;-30.04;Cordeiro J. et al. (2008), The LTR retrotransposon microp ...;;;;;;;;;
América do Sul;    guaritas/rs;-53.20;-30.45;Sene F.M. et al. (1980), Preliminary data on the geogra ...;;;;;;;;;
;;;;Yoon Z. (1996), Stock List. National Drosophil ...;;;;;;;;;
América Central;madden forest;;; Pipkin S.B. (1965);;;;;;;;;
;;;; Heed W.B. and Russell J.S. (1971);;;;;;;;;
;;;; Napp M. and Cordeiro A.R. (1981);;;;;;;;;
;;;; Yoon J.S. (1984);;;;;;;;;
;;;; Pipkin S.B. (1965);;;;;;;;;
;;;; Sevenster J.G. (1992);;;;;;;;;
;;;; Sevenster J.G. and van Alphen J.J.M. (1993);;;;;;;;;
;;;; Stalker H.D. (1953);;;;;;;;;
;;;; Pipkin S.B. et al. (1966);;;;;;;;;
;;;; Pipkin S.B. (1965);;;;;;;;;
;;;; Yoon J.S. (1984);;;;;;;;;
;;;; Yoon J.S. (1990);;;;;;;;;
;;;; Yoon Z. (1996);;;;;;;;;
;;;;Yoon J.S. (1984), Drosophila species stock list ...;;;;;;;;;
;;;;Yoon J.S. (1990), Drosophila species stock list ...;;;;;;;;;
;;;;Yoon Z. (1996), Stock List. National Drosophil ...;;;;;;;;;
;;;;Napp M. and Cordeiro A.R. (1981), Interspecific relationships in ...;;;;;;;;;
;;;;Pavan C. (1959), Relacoes entre populacoes natu ...;;;;;;;;;
;;;;Pavan C. (1959), Relacoes entre populacoes natu ...;;;;;;;;;
;;;;Rafael V. and Vela D. (2000), Drosophila distribution in Ecu ...;;;;;;;;;
;;;;Napp M. and Cordeiro A.R. (1981), Interspecific relationships in ...;;;;;;;;;
;;;;Pavan C. (1952), Relacoes entre populacoes natu ...;;;;;;;;;
;;;;Pavan C. (1959), Relacoes entre populacoes natu ...;;;;;;;;;
;;;;Streisinger G. (1946), The cardini species group of t ...;;;;;;;;;
;;;;Pavan C. (1959), Relacoes entre populacoes natu ...;;;;;;;;;
;;;;Napp M. and Cordeiro A.R. (1981), Interspecific relationships in ...;;;;;;;;;
;;;;Castro F.L. and Valente V.L.S. (2001), Zaprionus indianus is invading ...;;;;;;;;;
;;;;Garcia A.C. et al. (2008), Two decades of colonization of ...;;;;;;;;;
;;;;Rohde C. and Valente V.L.S. (1996), Cytological maps and chromosom ...;;;;;;;;;
;;;;Rohde C. and Valente V.L.S. (1996), Ecological characteristics of ...;;;;;;;;;
;;;;Pavan C. (1959), Relacoes entre populacoes natu ...;;;;;;;;;
;;;;Pavan C. (1959), Relacoes entre populacoes natu ... ;;;;;;;;;
;;;;Pavan C. (1959), Relacoes entre populacoes natu ...;;;;;;;;;
;;;;Pavan C. (1959), Relacoes entre populacoes natu ...;;;;;;;;;
;;;;Pilares G. L.V. and vasquez E. J.A. (1977), Especies del genero Drosophila ...;;;;;;;;;
;;;;Pavan C. (1959), Relacoes entre populacoes natu ...;;;;;;;;;
;;;;Vilela C.R. et al. (2002), Preliminary data on the geogra ...;;;;;;;;;
;;;;Sene F.M. et al. (1980), Preliminary data on the geogra ...;;;;;;;;;
;;;;Pavan C. (1959), Relacoes entre populacoes natu ...;;;;;;;;;
;;;;Ferreira L.B. and Tidon R. (2005), Colonizing potential of Drosop ...;;;;;;;;;
;;;;Roque F. et al. (2006), Nine new records of drosophili ...;;;;;;;;;
;;;;Sene F.M. et al. (1980), Preliminary data on the geogra ...;;;;;;;;;
;;;;Vilela C.R. et al. (2002), Preliminary data on the geogra ...;;;;;;;;;
;;;;Cahaves N.B. and Tidon R. (2005), Drosophilidae of the Brazilian ...;;;;;;;;;
;;;;Roque et al., 2006;;;;;;;;;
;;;;Chaves N.B. and Tidon R. (2008), Biogeographical aspects of dro ...;;;;;;;;;
;;;;Pavan C. (1952), Relacoes entre populacoes natu ...;;;;;;;;;
;;;;Pavan C. (1959), Relacoes entre populacoes natu ...;;;;;;;;;
;;;;Pavan C. (1959), Relacoes entre populacoes natu ...;;;;;;;;;
;;;;Chaves N.B. and Tidon R. (2008), Biogeographical aspects of dro ...;;;;;;;;;
;;;;Brncic D. and Martinez H. (1990), Lista de ejemplares de Drosoph ...;;;;;;;;;
;;;;Vilela C.R. and Mori L. (1999), The genus Drosophila (Diptera, ...;;;;;;;;;
;;;;Tidon-Sklorz et al., 1994;;;;;;;;;
;;;;Hsu T.C. (1949), The external genital apparatus ...;;;;;;;;;
;;;;Streisinger G. (1946), The cardini species group of t ...;;;;;;;;;
;;;;Sene F.M. et al. (1980), Preliminary data on the geogra ...;;;;;;;;;
;;;;Sene F.M. et al. (1980), Preliminary data on the geogra ...;;;;;;;;;
;;;;Vilela C.R. et al. (2002), Preliminary data on the geogra ...;;;;;;;;;
;;;;Belo M. and Gallo A.J. (1977), Domestic Drosophila species. I ...;;;;;;;;;
;;;;Belo M. and Lemos M.V.F. (1978), Domestic Drosophila species. I ...;;;;;;;;;
;;;;Belo M. and de Oliveira J.J. (1976), Especies domesticas de Drosoph ...;;;;;;;;;
;;;;"Belo M. and de Oliveira J.J. (1978), Especies domesticas de ""Drosop ...";;;;;;;;;
;;;;Pavan C. (1959), Relacoes entre populacoes natu ...;;;;;;;;;
;;;;Vilela C.R. et al. (2002), Preliminary data on the geogra ...;;;;;;;;;
;;;;Sene F.M. et al. (1980), Preliminary data on the geogra ...;;;;;;;;;
;;;;Vilela C.R. et al. (2002), Preliminary data on the geogra ...;;;;;;;;;
;;;;Sene F.M. et al. (1981), Influence of different ways to ...;;;;;;;;;
;;;;Vilela C.R. et al. (2002), Preliminary data on the geogra ...;;;;;;;;;
;;;;Vilela C.R. et al. (2002), Preliminary data on the geogra ...;;;;;;;;;
;;;;Sene F.M. et al. (1980), Preliminary data on the geogra ...;;;;;;;;;
;;;;Pavan C. (1959), Relacoes entre populacoes natu ...;;;;;;;;;
;;;;Pavan C. (1959), Relacoes entre populacoes natu ...;;;;;;;;;
;;;;Streisinger G. (1946), The cardini species group of t ...;;;;;;;;;
;;;;Heed W.B. and Russell J.S. (1971), Phylogeny and Population Struc ...;;;;;;;;;
;;;;Pavan C. (1952), Relacoes entre populacoes natu ...;;;;;;;;;
;;;;Pavan C. (1959), Relacoes entre populacoes natu ...;;;;;;;;;
;;;;Vilela C.R. et al. (2002), Preliminary data on the geogra ...;;;;;;;;;
;;;;Vilela C.R. et al. (2002), Preliminary data on the geogra ...;;;;;;;;;
;;;;Vilela C.R. et al. (2002), Preliminary data on the geogra ...;;;;;;;;;
;;;;Pavan C. (1959), Relacoes entre populacoes natu ...;;;;;;;;;
;;;;Sene F.M. et al. (1980), Preliminary data on the geogra ...;;;;;;;;;
;;;;Vilela C.R. et al. (2002), Preliminary data on the geogra ...;;;;;;;;;
;;;;Pavan C. (1959), Relacoes entre populacoes natu ...;;;;;;;;;
;;;;Sene F.M. et al. (1980), Preliminary data on the geogra ...;;;;;;;;;
;;;;Sene F.M. et al. (1980), Preliminary data on the geogra ...;;;;;;;;;
;;;;Sene F.M. et al. (1981), Influence of different ways to ...;;;;;;;;;
;;;;Vilela C.R. et al. (2002), Preliminary data on the geogra ...;;;;;;;;;
;;;;Rohde C. and Valente V.L.S. (1996), Ecological characteristics of ...;;;;;;;;;
;;;;Streisinger G. (1946), The cardini species group of t ...;;;;;;;;;
;;;;Val F.C. (1982), The male genitalia of some Neo ...;;;;;;;;;
;;;;Vilela C.R. et al. (2002), Preliminary data on the geogra ...;;;;;;;;;
;;;;Wheeler M.R. (1970), Family Drosophilidae. In: A Ca ...;;;;;;;;;
;;;;Pavan C. (1959), Relacoes entre populacoes natu ...;;;;;;;;;
;;;;Pavan C. (1959), Relacoes entre populacoes natu ...;;;;;;;;;
;;;;Pavan C. (1959), Relacoes entre populacoes natu ...;;;;;;;;;
;;;;Pavan C. (1959), Relacoes entre populacoes natu ...;;;;;;;;;
;;;;Vilela C.R. et al. (2002), Preliminary data on the geogra ...;;;;;;;;;
;;;;Pavan C. (1959), Relacoes entre populacoes natu ...;;;;;;;;;
;;;;Schmitz H.J. et al. (2007), Taxonomic Survey of Drosophili ...;;;;;;;;;
;;;;Pavan C. (1959), Relacoes entre populacoes natu ...;;;;;;;;;
;;;;Pavan C. (1959), Relacoes entre populacoes natu ...;;;;;;;;;
;;;;Saavedra C.C.R. et al. (1995), A descriptive and analytical s ...;;;;;;;;;
;;;;Valente V.L.S. et al. (1981), Observations on the attraction ...;;;;;;;;;
;;;;Vilela C.R. et al. (2002), Preliminary data on the geogra ...;;;;;;;;;